,Location,Correlation Coefficient
0,02111000,-0.09153856543663072
1,03512000,
2,03446000,-0.006663145379915638
3,03451500,-0.07493103512086549
4,03456991,
5,02077200,
6,03447687,-0.05626917624481335
7,03460000,-0.18623982827422705
8,0344878100,
9,0351706800,-0.11225280087809647
10,02077303,-0.13350953287047415
11,02101726,-0.15057422849004087
12,02137727,-0.1205493623903371
