,Location,Correlation Coefficient
0,03447687,-0.05626917624481335
1,03460000,-0.18623982827422705
2,03456991,
3,03512000,
4,03446000,-0.006663145379915638
5,02137727,-0.1205493623903371
6,0344878100,
7,0351706800,-0.11225280087809647
8,02077200,
9,02077303,-0.13350953287047415
10,03451500,-0.07493103512086549
11,02111000,-0.09153856543663072
12,02101726,-0.15057422849004087
