,Location,Correlation Coefficient
0,02077303,-0.13350953287047415
1,03460000,-0.18623982827422705
2,03446000,-0.006663145379915638
3,03447687,-0.05626917624481335
4,03456991,
5,03512000,
6,02077200,
7,02137727,-0.1205493623903371
8,02111000,-0.09153856543663072
9,02101726,-0.15057422849004087
10,03451500,-0.07493103512086549
11,0351706800,-0.11225280087809647
12,0344878100,
