,Location,Correlation Coefficient
0,02137727,-0.1205493623903371
1,03447687,-0.05626917624481335
2,0344878100,
3,02077200,
4,03446000,-0.006663145379915638
5,03456991,
6,02077303,-0.13350953287047415
7,0351706800,-0.11225280087809647
8,02111000,-0.09153856543663072
9,02101726,-0.15057422849004087
10,03512000,
11,03460000,-0.18623982827422705
12,03451500,-0.07493103512086549
