,Location,Correlation Coefficient
0,03512000,
1,03447687,-0.05626917624481335
2,03451500,-0.07493103512086549
3,02077200,
4,02077303,-0.13350953287047415
5,03446000,-0.006663145379915638
6,03456991,
7,02101726,-0.15057422849004087
8,0344878100,
9,02137727,-0.1205493623903371
10,03460000,-0.18623982827422705
11,0351706800,-0.11225280087809647
12,02111000,-0.09153856543663072
